{"cameraMode":{"drawMode":0,"name":"Shaded","section":"Shading Mode"},"sceneLighting":true,"audioPlay":false,"sceneViewState":{"showFog":true,"showMaterialUpdate":true,"showSkybox":true,"showFlares":true,"showImageEffects":true,"showParticleSystems":true},"in2DMode":false,"pivot":{"x":5.097150802612305,"y":3.9024085998535158,"z":35.10761642456055},"rotation":{"x":-0.0931650772690773,"y":-0.015831155702471734,"z":0.0014814235037192703,"w":-0.9955237507820129},"size":78.9984130859375,"orthographic":false}