{"cameraMode":{"drawMode":0,"name":"Shaded","section":"Shading Mode"},"sceneLighting":true,"audioPlay":false,"sceneViewState":{"showFog":true,"showMaterialUpdate":true,"showSkybox":true,"showFlares":true,"showImageEffects":true,"showParticleSystems":true},"in2DMode":false,"pivot":{"x":0.5966370105743408,"y":11.750231742858887,"z":13.352758407592774},"rotation":{"x":-0.03930167481303215,"y":0.005095339845865965,"z":-0.00020054070046171546,"w":-0.9992144107818604},"size":40.25041198730469,"orthographic":false}