{"cameraMode":{"drawMode":0,"name":"Shaded","section":"Shading Mode"},"sceneLighting":true,"audioPlay":false,"sceneViewState":{"showFog":true,"showMaterialUpdate":true,"showSkybox":true,"showFlares":true,"showImageEffects":true,"showParticleSystems":true},"in2DMode":false,"pivot":{"x":-1.142688274383545,"y":24.876039505004884,"z":-50.14291763305664},"rotation":{"x":-0.17343144118785859,"y":-0.0008874784107320011,"z":0.00015582810738123953,"w":-0.9848455786705017},"size":3.7578835487365724,"orthographic":false}